{
  "backend/main.mo": "Minimal Motoko actor with no methods or state, serving as an empty backend placeholder.",
  "feature_evidence.json": "Feature evidence report confirming that the search query transformation (strip special chars, join with dots) is implemented in `frontend/src/hooks/useQueries.ts` with high confidence.",
  "frontend-file-summaries.txt": "JSON document containing one-sentence summaries of each frontend source file, used as a reference for build planning.",
  "frontend/index.html": "HTML entry point for the WatchTube React app, mounting the app into a `#root` div and loading `src/main.tsx` as a module.",
  "frontend/src/App.tsx": "Root application component that configures TanStack Router with routes for the homepage and video player page, wrapped in ThemeProvider and QueryClientProvider.",
  "frontend/src/components/Footer.tsx": "Simple footer component showing a copyright notice and a link to caffeine.ai with a heart icon.",
  "frontend/src/components/Header.tsx": "Sticky header with the WatchTube logo and a rounded search bar that reads/writes the `q` URL search param to drive search navigation.",
  "frontend/src/components/VideoCard.tsx": "Video card component rendering a thumbnail, duration badge, title, formatted view count, and relative upload time with click-to-navigate behavior.",
  "frontend/src/hooks/useActor.ts": "Custom hook that creates and caches an ICP backend actor (anonymous or authenticated) using TanStack Query, invalidating dependent queries when the identity changes.",
  "frontend/src/hooks/useInternetIdentity.ts": "Provides an Internet Identity authentication context (login, clear, status) via an AuthClient-backed React context and hook.",
  "frontend/src/hooks/useQueries.ts": "Custom React Query hooks for infinite video listing, single video lookup, and video detail fetching, including a `transformSearchQuery` helper that strips special characters and joins words with dots before API calls.",
  "frontend/src/index.css": "Global CSS file that imports Tailwind directives and defines light/dark mode CSS custom properties (OKLCH color tokens, radius, sidebar, chart colors) used throughout the app.",
  "frontend/src/main.tsx": "React app entry point that mounts the app with QueryClientProvider (React Query) and InternetIdentityProvider wrappers.",
  "frontend/src/pages/HomePage.tsx": "Home page component that displays a paginated, infinite-scroll grid of video cards, supporting optional search query filtering and deduplication.",
  "frontend/src/pages/VideoPlayerPage.tsx": "Video player page that embeds an iframe player for a given file code, shows video metadata (title, views, upload time), and lists related videos with infinite scroll.",
  "frontend/src/types/video.ts": "TypeScript interfaces defining the shape of Video, VideoDetail, and VideoDetailApiResponse data used across the app.",
  "frontend/tailwind.config.js": "Tailwind CSS configuration extending the theme with OKLCH-based color tokens, custom border radius, accordion keyframes, and plugins for typography, container queries, and animations.",
  "project_state.json": "Project state metadata tracking existing features (scroll-to-top on navigation, dot-joined search query transformation) and pending action requests for a video platform app."
}