{
  "kind": "build_request",
  "title": "Transform search query words into dot-separated API format",
  "priority": "normal",
  "requirements": [
    {
      "id": "REQ-2",
      "text": "When a user submits a search query, transform the query before sending it to the API by: (1) stripping all special characters (keeping only alphanumeric characters and spaces), and (2) joining the resulting words with dots (.) instead of spaces. For example, 'can this love' becomes 'can.this.love', and 'hello! world?' becomes 'hello.world'.",
      "target": "frontend",
      "source": {
        "messageIds": [
          "msg-4"
        ],
        "quotes": [
          "in search if user types \"can this love\" search query on API should be \"can.this.love\" means joining words with . doesn't include any special character"
        ]
      },
      "acceptanceCriteria": [
        "Spaces between words in the search query are replaced with dots (.) when the query is sent to the API.",
        "All special characters (non-alphanumeric, non-space) are stripped from the query before transformation.",
        "The input 'can this love' results in the API query 'can.this.love'.",
        "Leading/trailing spaces are trimmed before transformation so no empty segments appear in the dot-joined result.",
        "Multiple consecutive spaces between words are treated as a single separator, producing no empty dot-segments.",
        "The displayed search bar text remains as the user typed it; only the value sent to the API is transformed.",
        "The transformation is applied in the query hooks (useQueries.ts) or wherever the search term is passed to the external worker API."
      ]
    }
  ],
  "constraints": [
    "Do not alter the text shown in the search input field — only the value forwarded to the API should be dot-joined.",
    "Do not modify files listed in frontend.immutablePaths."
  ],
  "nonGoals": [
    "Changing the backend Motoko actor.",
    "Modifying the URL query parameter format visible to the user.",
    "Any changes to video playback or the video player page."
  ],
  "imageRequirements": {
    "required": [],
    "edits": []
  }
}