{
  "kind": "coverage_report",
  "version": "1.0",
  "generatedAt": "2026-02-25T08:11:15.025Z",
  "sources": {
    "buildRequest": true,
    "implementationPlan": true
  },
  "requirements": {
    "total": 1,
    "implemented": 1,
    "items": [
      {
        "id": "REQ-2",
        "summary": "When a user submits a search query, transform the query before sending it to the API by: (1) stripping all special characters (keeping only alphanumeric characters and spaces), and (2) joining the resulting words with dots (.) instead of spaces. For example, 'can this love' becomes 'can.this.love', and 'hello! world?' becomes 'hello.world'.",
        "status": "implemented",
        "plannedFiles": [
          "frontend/src/hooks/useQueries.ts"
        ],
        "matchedFiles": [
          "frontend/src/hooks/useQueries.ts"
        ]
      }
    ]
  },
  "changedFiles": [
    "build-request.json",
    "feature_evidence.json",
    "frontend-file-summaries.txt",
    "frontend-implementation-plan.json",
    "frontend/src/hooks/useQueries.ts",
    "project_state.json",
    "scratch/component-selection.json",
    "spec.md",
    "spec_vs_diff_report.json"
  ]
}