{
  "kind": "implementation_plan",
  "version": "1.0",
  "title": "Transform search query words into dot-separated API format",
  "requirements": [
    {
      "id": "REQ-2",
      "summary": "Transform search queries by stripping special characters and joining words with dots before sending to the API",
      "acceptanceCriteria": [
        "Spaces between words in the search query are replaced with dots (.) when the query is sent to the API.",
        "All special characters (non-alphanumeric, non-space) are stripped from the query before transformation.",
        "The input 'can this love' results in the API query 'can.this.love'.",
        "Leading/trailing spaces are trimmed before transformation so no empty segments appear in the dot-joined result.",
        "Multiple consecutive spaces between words are treated as a single separator, producing no empty dot-segments.",
        "The displayed search bar text remains as the user typed it; only the value sent to the API is transformed.",
        "The transformation is applied in the query hooks (useQueries.ts) or wherever the search term is passed to the external worker API."
      ],
      "file_operations": [
        {
          "path": "frontend/src/hooks/useQueries.ts",
          "operation": "modify",
          "description": "Add a transformation function that strips special characters and joins words with dots. Apply this transformation to the search query parameter before it is passed to the external worker API in the useSearchVideos hook. The transformation should: (1) trim leading/trailing spaces, (2) remove all non-alphanumeric characters except spaces, (3) collapse multiple consecutive spaces into one, and (4) replace remaining spaces with dots. Ensure the displayed search input text is never modified—only the value sent to the API undergoes transformation."
        }
      ]
    }
  ]
}