{
  "kind": "spec_vs_diff_report",
  "version": "1.0",
  "generatedAt": "2026-02-25T08:11:15.022Z",
  "summary": "The diff implements REQ-2 fully. A `transformSearchQuery` function is added to `frontend/src/hooks/useQueries.ts` that trims whitespace, strips non-alphanumeric/non-space characters, collapses multiple spaces, and joins words with dots before passing the query to the API. The displayed search input is unaffected. All acceptance criteria appear to be satisfied.",
  "missing_requirements": [],
  "hallucinated_features": [],
  "confidence": 0.97,
  "changed_files": [
    "frontend-file-summaries.txt",
    "frontend/src/hooks/useQueries.ts",
    "project_state.json"
  ]
}